{
    "rmse": 0.419216467350344,
    "mae": 0.3613006244603321,
    "r2": 0.23454401081000864
}